scan_no,sample_id,specie,flow_condition,sample_type,magnification,pixel_size_um,scan_region,note,scan_name,notes
002,005,pv,high,tip nubbin,2,3.08,tip,Scan parameter testing,002_pv005_2x_30ms_1m_45keV_26umAu_450umCu_gap6p7mm,
003,005,pv,high,tip nubbin,2,3.08,tip,Scan parameter testing,003_pv005_tip_2x_3p1um_30ms_1m_45ke_26umAu_450umCu_gap6p7mm,
004,005,pv,high,tip nubbin,2,3.08,tip,Scan parameter testing,004_pv005_tip_2x_3p1um_30ms_25cm_45keV_gap6p7mm,
005,005,pv,high,tip nubbin,2,3.08,base,Scan parameter testing,005_pv005_base_2x_3p1um_30ms_250mm_45keV_gap6p7mm,
006,005,pv,high,tip nubbin,2,3.08,base,Scan parameter testing,006_pv005_base_2x_3p1um_30ms_300mm_45keV_gap6p7mm,
007,005,pv,high,tip nubbin,2,3.08,tip,Scan parameter testing,007_pv005_tip_2x_3p1um_30ms_300mm_45keV_gap6p7mm,
008,011,pg,high,tip nubbin,2,3.08,tip,Scan parameter testing,008_pg011_2x_3p1um_30ms_300mm_45keV_gap6p7mm_3800prj,
008,011,pg,high,tip nubbin,2,3.08,base,Scan parameter testing,008_pg011_2x_3p1um_30ms_300mm_45keV_gap6p7mm_3800prj_1,
010,025,pm,low,tip nubbin,20,0.325,tip,Scan parameter testing,010_pm025_tip_20x_325nm_300ms_36p5keV_gap5p5mm,
011,025,pm,low,tip nubbin,20,0.325,tip,Scan parameter testing,011_pm025_tip_20x_325nm_300ms_36p5keV_gap5p5mm,
012,025,pm,low,tip nubbin,10,0.650,tip,Scan parameter testing,012_pm025_tip_10x_650nm_90ms_36p5keV_gap5p5mm,
013,025,pm,low,tip nubbin,10,0.650,1.2 sub tip,Scan parameter testing,013_pm025_1p2mm_sub_tip_650nm_44mmPhC_90ms_36p5k_gap5p5mm_5900prj,
014,025,pm,low,tip nubbin,10,0.650,1.2 sub tip,Scan parameter testing,014_pm025_1p2mm_sub_tip_650nm_58mmPhC_90ms_36p5k_gap5p5mm_5900prj,
015,025,pm,low,tip nubbin,10,0.650,tip,Scan parameter testing,015_pm025_tip_650nm_58mmPhC_90ms_36p5k_gap5p5mm_180deg2000prj,
016,025,pm,low,tip nubbin,10,0.650,tip,Scan parameter testing,016_pm025_tip_650nm_80mmPhC_90ms_36p5k_gap5p5mm_180deg2000prj,
017,025,pm,low,tip nubbin,10,0.650,tip,Scan parameter testing,017_pm025_tip_650nm_90mmPhC_90ms_36p5k_gap5p5mm_180deg2000prj,
018,038,pv,low,tip nubbin,2,3.08,tip,Fixed scan parameters. No. projections selected as recommended during alignSample,018_pv038_tip_2x_HA_3p08_30ms_250mm_45keV_gap6p7mm_Cu0p45_4400prj,
019,038,pv,low,tip nubbin,2,3.08,base,Fixed scan parameters. No. projections selected as recommended during alignSample,019_pv038_base_2x_HA_3p08_30ms_250mm_45keV_gap6p7mm_Cu0p45_4400prj,
020,034,pv,low,tip nubbin,2,3.08,tip,Fixed scan parameters. No. projections selected as recommended during alignSample,020_pv034_tip_2x_HA_3p08_30ms_250mm_45keV_gap6p7mm_Cu0p45_4500prj,
021,034,pv,low,tip nubbin,2,3.08,base,Fixed scan parameters. No. projections selected as recommended during alignSample,021_pv034_base_2x_HA_3p08_30ms_250mm_45keV_gap6p7mm_Cu0p45_4500prj,
022,029,pm,low,tip nubbin,2,3.08,whole sample,Fixed scan parameters. No. projections selected as recommended during alignSample,022_pm029_all_2x_3p08_30ms_250mm_45keV_gap6p7mm_Cu0p45_2000prj,
023,023,pm,high,tip nubbin,2,3.08,tip,Fixed scan parameters. No. projections selected as recommended during alignSample,023_pm023_tip_2x_3p08_30ms_HA_250mm_45keV_gap6p7mm_Cu0p45_5600prj,
024,023,pm,high,tip nubbin,2,3.08,base,Fixed scan parameters. No. projections selected as recommended during alignSample,024_pm023_base_2x_3p08_30ms_HA_250mm_45keV_gap6p7mm_Cu0p45_5600prj,
025,044,pt,low,tip nubbin,2,3.08,tip,Fixed scan parameters. No. projections selected as recommended during alignSample,025_pt044_tip_2x_3p08_30ms_HA_250mm_45keV_gap6p7mm_Cu0p45_5000prj,
026,044,pt,low,tip nubbin,2,3.08,base,Fixed scan parameters. No. projections selected as recommended during alignSample,026_pt044_base_2x_3p08_30ms_HA_250mm_45keV_gap6p7mm_Cu0p45_5000prj,
027,017,pt,high,tip nubbin,2,3.08,tip,Fixed scan parameters. No. projections selected as recommended during alignSample,027_pt017_tip_2x_3p08_30ms_HA_250mm_45keV_gap6p7mm_Cu0p45_4400prj,
028,017,pt,high,tip nubbin,2,3.08,base,Fixed scan parameters. No. projections selected as recommended during alignSample,028_pt017_base_2x_3p08_30ms_HA_250mm_45keV_gap6p7mm_Cu0p45_4400prj,
029,016,pt,high,tip nubbin,2,3.08,whole sample,Fixed scan parameters. No. projections selected as recommended during alignSample,029_pt016_full_2x_3p08_30ms_HA_250mm_45keV_gap6p7mm_Cu0p45_5900prj,
030,038,pv,low,tip nubbin,2,3.08,base,Fixed scan parameters. No. projections selected as recommended during alignSample,030_pv038_base_2x_3p08_30ms_HA_250mm_45keV_gap6p7mm_Cu0p45_5900prj,
030,038,pv,low,tip nubbin,2,3.08,tip,Fixed scan parameters. No. projections selected as recommended during alignSample,030_pv038_tip_2x_3p08_30ms_HA_250mm_45keV_gap6p7mm_Cu0p45_5900prj,
031,043,pt,low,tip nubbin,2,3.08,tip,Fixed scan parameters. No. projections selected as recommended during alignSample,031_pt043_tip_2x_3p08_30ms_HA_250mm_45keV_gap6p7mm_Cu0p45_4400prj,
032,043,pt,low,tip nubbin,2,3.08,base,Fixed scan parameters. No. projections selected as recommended during alignSample,032_pt043_base_2x_3p08_30ms_HA_250mm_45keV_gap6p7mm_Cu0p45_4400prj,
033,028,pm,low,tip nubbin,2,3.08,tip,Fixed scan parameters. No. projections selected as recommended during alignSample,033_pm028_tip_2x_3p08_30ms_HA_250mm_45keV_gap6p7mm_Cu0p45_5900prj,
034,028,pm,low,tip nubbin,2,3.08,base,Fixed scan parameters. No. projections selected as recommended during alignSample,034_pm028_base_2x_3p08_30ms_HA_250mm_45keV_gap6p7mm_Cu0p45_5900prj,
035,020,pm,high,tip nubbin,2,3.08,tip,Fixed scan parameters. No. projections selected as recommended during alignSample,035_pm020_tip_2x_3p08_30ms_HA_250mm_45keV_gap6p7mm_Cu0p45_3800prj,
036,020,pm,high,tip nubbin,2,3.08,base,Fixed scan parameters. No. projections selected as recommended during alignSample,036_pm020_base_2x_3p08_30ms_HA_250mm_45keV_gap6p7mm_Cu0p45_3800prj,
037,010,pg,high,tip nubbin,2,3.08,whole sample,Fixed scan parameters. No. projections selected as recommended during alignSample,037_pg010_full_2x_3p08_30ms_250mm_45keV_gap6p7mm_Cu0p45_1500prj,
038,004,pv,high,tip nubbin,2,3.08,tip,Fixed scan parameters. No. projections selected as recommended during alignSample,038_pv004_tip_2x_3p08_30ms_HA_250mm_45keV_gap6p7mm_Cu0p45_5900prj,
039,004,pv,high,tip nubbin,2,3.08,base,Fixed scan parameters. No. projections selected as recommended during alignSample,039_pv004_base_2x_3p08_30ms_HA_250mm_45keV_gap6p7mm_Cu0p45_5900prj,
040,033,pg,low,tip nubbin,2,3.08,tip,Fixed scan parameters. No. projections selected as recommended during alignSample,040_pg033_tip_2x_3p08_30ms_HA_250mm_45keV_gap6p7mm_Cu0p45_4800prj,
041,033,pg,low,tip nubbin,2,3.08,base,Fixed scan parameters. No. projections selected as recommended during alignSample,041_pg033_base_2x_3p08_30ms_HA_250mm_45keV_gap6p7mm_Cu0p45_4800prj,
042,037,pv,low,tip nubbin,2,3.08,tip,Fixed scan parameters. No. projections selected as recommended during alignSample,042_pv037_tip_2x_3p08_30ms_HA_250mm_45keV_gap6p7mm_Cu0p45_5300prj,
043,037,pv,low,tip nubbin,2,3.08,base,Fixed scan parameters. No. projections selected as recommended during alignSample,043_pv037_base_2x_3p08_30ms_HA_250mm_45keV_gap6p7mm_Cu0p45_5300prj,
044,037,pv,low,tip nubbin,2,3.08,tip,Fixed scan parameters. No. projections selected as recommended during alignSample,044_pv037_tip_2x_3p08_30ms_HA_250mm_45keV_gap6p7mm_Cu0p45_5900prj,
045,037,pv,low,tip nubbin,2,3.08,1.2 sub tip,Fixed scan parameters. No. projections selected as recommended during alignSample,045_pv037_middle_2x_3p08_30ms_HA_250mm_45keV_gap6p7mm_Cu0p45_5900prj,
046,037,pv,low,tip nubbin,2,3.08,base,Fixed scan parameters. No. projections selected as recommended during alignSample,046_pv037_base_2x_3p08_30ms_HA_250mm_45keV_gap6p7mm_Cu0p45_5900prj,
047,032,pg,low,tip nubbin,2,3.08,tip,Fixed scan parameters. No. projections selected as recommended during alignSample,047_pg032_tip_2x_3p08_30ms_HA_250mm_45keV_gap6p7mm_Cu0p45_3500prj,
048,032,pg,low,tip nubbin,2,3.08,base,Fixed scan parameters. No. projections selected as recommended during alignSample,048_pg032_base_2x_3p08_30ms_HA_250mm_45keV_gap6p7mm_Cu0p45_3500prj,
049,009,pg,high,tip nubbin,2,3.08,tip,Fixed scan parameters. No. projections selected as recommended during alignSample,049_pg009_tip_2x_3p08_30ms_HA_250mm_45keV_gap6p7mm_Cu0p45_5400prj,
050,009,pg,high,tip nubbin,2,3.08,base,Fixed scan parameters. No. projections selected as recommended during alignSample,050_pg009_base_2x_3p08_30ms_HA_250mm_45keV_gap6p7mm_Cu0p45_5400prj,
051,042,pt,low,tip nubbin,2,3.08,whole sample,Fixed scan parameters. No. projections selected as recommended during alignSample,051_pt042_full_2x_3p08_30ms_HA_250mm_45keV_gap6p7mm_Cu0p45_4200prj,
052,027,pm,low,tip nubbin,2,3.08,whole sample,Fixed scan parameters. No. projections selected as recommended during alignSample,052_pm027_full_2x_3p08_30ms_HA_250mm_45keV_gap6p7mm_Cu0p45_3900prj,
053,021,pm,high,tip nubbin,2,3.08,tip,Fixed scan parameters. No. projections selected as recommended during alignSample,053_pm021_tip_2x_3p08_30ms_HA_250mm_45keV_gap6p7mm_Cu0p45_4700prj,
054,021,pm,high,tip nubbin,2,3.08,base,Fixed scan parameters. No. projections selected as recommended during alignSample,054_pm021_base_2x_3p08_30ms_HA_250mm_45keV_gap6p7mm_Cu0p45_4700prj,
055,036,pv,low,tip nubbin,2,3.08,tip,Fixed scan parameters. No. projections selected as recommended during alignSample,055_pv036_tip_2x_3p08_30ms_HA_250mm_45keV_gap6p7mm_Cu0p45_3900prj,
056,036,pv,low,tip nubbin,2,3.08,base,Fixed scan parameters. No. projections selected as recommended during alignSample,056_pv036_base_2x_3p08_30ms_HA_250mm_45keV_gap6p7mm_Cu0p45_3900prj,
057,002,pv,high,tip nubbin,2,3.08,whole sample,Fixed scan parameters. No. projections selected as recommended during alignSample,057_pv002_full_2x_3p08_30ms_250mm_45keV_gap6p7mm_Cu0p45_1500prj,
058,031,pg,low,tip nubbin,2,3.08,tip,Fixed scan parameters. No. projections selected as recommended during alignSample,058_pg031_tip_2x_HA_3p08_30ms_250mm_45keV_gap6p7mm_Cu0p45_4800prj,
059,031,pg,low,tip nubbin,2,3.08,base,Fixed scan parameters. No. projections selected as recommended during alignSample,059_pg031_base_2x_HA_3p08_30ms_250mm_45keV_gap6p7mm_Cu0p45_4800prj,
060,008,pg,high,tip nubbin,2,3.08,tip,Fixed scan parameters. No. projections selected as recommended during alignSample,060_pg008_tip_2x_HA_3p08_30ms_250mm_45keV_gap6p7mm_Cu0p45_5400prj,
061,008,pg,high,tip nubbin,2,3.08,base,Fixed scan parameters. No. projections selected as recommended during alignSample,061_pg008_base_2x_HA_3p08_30ms_250mm_45keV_gap6p7mm_Cu0p45_5400prj,
062,014,pt,high,tip nubbin,2,3.08,tip,Fixed scan parameters. No. projections selected as recommended during alignSample,062_pt014_tip_2x_HA_3p08_30ms_250mm_45keV_gap6p7mm_Cu0p45_4400prj,
063,014,pt,high,tip nubbin,2,3.08,base,Fixed scan parameters. No. projections selected as recommended during alignSample,063_pt014_base_2x_HA_3p08_30ms_250mm_45keV_gap6p7mm_Cu0p45_4400prj,
064,041,pt,low,tip nubbin,2,3.08,tip,Fixed scan parameters. No. projections selected as recommended during alignSample,064_pt041_tip_2x_HA_3p08_30ms_250mm_45keV_gap6p7mm_Cu0p45_5400prj,
065,041,pt,low,tip nubbin,2,3.08,base,Fixed scan parameters. No. projections selected as recommended during alignSample,065_pt041_base_2x_HA_3p08_30ms_250mm_45keV_gap6p7mm_Cu0p45_5400prj,
066,020,pm,high,tip nubbin,2,3.08,tip,Fixed scan parameters. No. projections selected as recommended during alignSample,066_pm020_tip_2x_HA_3p08_30ms_250mm_45keV_gap6p7mm_Cu0p45_5300prj,
067,020,pm,high,tip nubbin,2,3.08,base,Fixed scan parameters. No. projections selected as recommended during alignSample,067_pm020_base_2x_HA_3p08_30ms_250mm_45keV_gap6p7mm_Cu0p45_5300prj,
068,026,pm,low,tip nubbin,2,3.08,tip,Fixed scan parameters. No. projections selected as recommended during alignSample,068_pm026_tip_2x_HA_3p08_30ms_250mm_45keV_gap6p7mm_Cu0p45_5900prj,
069,026,pm,low,tip nubbin,2,3.08,base,Fixed scan parameters. No. projections selected as recommended during alignSample,069_pm026_base_2x_HA_3p08_30ms_250mm_45keV_gap6p7mm_Cu0p45_5900prj,
070,019,pm,high,tip nubbin,2,3.08,tip,Fixed scan parameters. No. projections selected as recommended during alignSample,070_pm019_tip_2x_HA_3p08_30ms_250mm_45keV_gap6p7mm_Cu0p45_4400prj,
071,019,pm,high,tip nubbin,2,3.08,base,Fixed scan parameters. No. projections selected as recommended during alignSample,071_pm019_base_2x_HA_3p08_30ms_250mm_45keV_gap6p7mm_Cu0p45_4400prj,
072,030,pg,low,tip nubbin,2,3.08,tip,Fixed scan parameters. No. projections selected as recommended during alignSample,072_pg030_tip_2x_HA_3p08_30ms_250mm_45keV_gap6p7mm_Cu0p45_4100prj,
073,030,pg,low,tip nubbin,2,3.08,base,Fixed scan parameters. No. projections selected as recommended during alignSample,073_pg030_base_2x_HA_3p08_30ms_250mm_45keV_gap6p7mm_Cu0p45_4100prj,
074,001,pv,high,tip nubbin,2,3.08,tip,Fixed scan parameters. No. projections selected as recommended during alignSample,074_pv001_tip_2x_HA_3p08_30ms_250mm_45keV_gap6p7mm_Cu0p45_4100prj,
075,001,pv,high,tip nubbin,2,3.08,base,Fixed scan parameters. No. projections selected as recommended during alignSample,075_pv001_base_2x_HA_3p08_30ms_250mm_45keV_gap6p7mm_Cu0p45_4100prj,
076,007,pg,high,tip nubbin,2,3.08,tip,Fixed scan parameters. No. projections selected as recommended during alignSample,076_pg007_tip_2x_HA_3p08_30ms_250mm_45keV_gap6p7mm_Cu0p45_4500prj,
077,007,pg,high,tip nubbin,2,3.08,base,Fixed scan parameters. No. projections selected as recommended during alignSample,077_pg007_base_2x_HA_3p08_30ms_250mm_45keV_gap6p7mm_Cu0p45_4500prj,
078,028,pm,low,1cm cube,2,3.08,tip,Fixed scan parameters. No. projections selected as recommended during alignSample,078_pm028_comp_pre_tip_2x_HA_3p08_30ms_250mm_45keV_gap6p7mm_Cu0p45_5400prj,
079,028,pm,low,1cm cube,2,3.08,base,Fixed scan parameters. No. projections selected as recommended during alignSample,079_pm028_comp_pre_base_2x_HA_3p08_30ms_250mm_45keV_gap6p7mm_Cu0p45_5400prj,
080,035,pv,low,tip nubbin,2,3.08,whole sample,Fixed scan parameters. No. projections selected as recommended during alignSample,080_pv035_full_2x_3p08_30ms_250mm_45keV_gap6p7mm_Cu0p45_1500prj,
081,041,pt,low,1cm cube,2,3.08,whole sample,Fixed scan parameters. No. projections selected as recommended during alignSample,081_pt041_comp_pre_full_2x_3p08_HA_30ms_250mm_45keV_gap6p7mm_Cu0p45_5900prj,
082,038,pv,low,1cm cube,2,3.08,whole sample,Fixed scan parameters. No. projections selected as recommended during alignSample,082_pv038_comp_pre_full_2x_3p08_HA_30ms_250mm_45keV_gap6p7mm_Cu0p45_5900prj,
083,038,pv,low,1cm cube,2,3.08,whole sample,Fixed scan parameters. No. projections selected as recommended during alignSample,083_pv038_comp_pre_full_2x_3p08_HA_30ms_250mm_45keV_gap6p7mm_Cu0p45_5900prj,
084,028,pm,low,1cm cube,2,3.08,tip,Fixed scan parameters. No. projections selected as recommended during alignSample,084_pm028_comp_post1_tip_2x_3p08_HA_30ms_250mm_45keV_gap6p7mm_Cu0p45_5600prj,
085,028,pm,low,1cm cube,2,3.08,tip,Fixed scan parameters. No. projections selected as recommended during alignSample,085_pm028_comp_post2_tip_2x_3p08_HA_30ms_250mm_45keV_gap6p7mm_Cu0p45_5600prj,
086,022,pm,high,1cm cube,2,3.08,tip,Fixed scan parameters. No. projections selected as recommended during alignSample,086_pm022_comp_pre_tip_2x_3p08_HA_30ms_250mm_45keV_gap6p7mm_Cu0p45_5400prj,
087,022,pm,high,1cm cube,2,3.08,base,Fixed scan parameters. No. projections selected as recommended during alignSample,087_pm022_comp_pre2_base_2x_3p08_HA_30ms_250mm_45keV_gap6p7mm_Cu0p45_5400prj,
088,028,pm,low,1cm cube,2,3.08,tip,Fixed scan parameters. No. projections selected as recommended during alignSample,088_pm028_comp_post3_tip_2x_3p08_HA_30ms_250mm_45keV_gap6p7mm_Cu0p45_5600prj,
089,028,pt,low,1cm cube,2,3.08,base,Fixed scan parameters. No. projections selected as recommended during alignSample,089_pm028_comp_post4_base_2x_3p08_HA_30ms_250mm_45keV_gap6p7mm_Cu0p45_5600prj,
090,041,pt,low,1cm cube,2,3.08,whole sample,Fixed scan parameters. No. projections selected as recommended during alignSample,090_pt041_comp_post2_full_2x_3p08_HA_30ms_250mm_45keV_gap6p7mm_Cu0p45_5700prj,
091,016,pv,high,1cm cube,2,3.08,whole sample,Fixed scan parameters. No. projections selected as recommended during alignSample,091_pt016_comp_pre_full_2x_3p08_HA_30ms_250mm_45keV_gap6p7mm_Cu0p45_5900prj,
092,038,pv,low,1cm cube,2,3.08,tip,Fixed scan parameters. No. projections selected as recommended during alignSample,092_pv038_comp_post_top_2x_3p08_HA_30ms_250mm_45keV_gap6p7mm_Cu0p45_5900prj,
093,038,pm,low,1cm cube,2,3.08,base,Fixed scan parameters. No. projections selected as recommended during alignSample,093_pv038_comp_post_base_2x_3p08_HA_30ms_250mm_45keV_gap6p7mm_Cu0p45_5900prj,
094,022,pt,high,1cm cube,2,3.08,whole sample,Fixed scan parameters. No. projections selected as recommended during alignSample,094_pm022_comp_post1_full_2x_3p08_HA_30ms_250mm_45keV_gap6p7mm_Cu0p45_5600prj,
095,016,pv,high,1cm cube,2,3.08,whole sample,Fixed scan parameters. No. projections selected as recommended during alignSample,095_pt016_comp_post_full_2x_3p08_HA_30ms_250mm_45keV_gap6p7mm_Cu0p45_5900prj,
096,005,pg,high,1cm cube,2,3.08,whole sample,Fixed scan parameters. No. projections selected as recommended during alignSample,096_pv005_comp_post_full_2x_3p08_HA_30ms_250mm_45keV_gap6p7mm_Cu0p45_5100prj,
097,008,pg,high,1cm cube,2,3.08,tip,Fixed scan parameters. No. projections selected as recommended during alignSample,097_pg008_comp_pre_top_2x_3p08_HA_30ms_250mm_45keV_gap6p7mm_Cu0p45_5600prj,
098,008,pv,high,1cm cube,2,3.08,base,Fixed scan parameters. No. projections selected as recommended during alignSample,098_pg008_comp_pre_base_2x_3p08_HA_30ms_250mm_45keV_gap6p7mm_Cu0p45_5600prj,
099,005,pg,high,1cm cube,2,3.08,whole sample,Fixed scan parameters. No. projections selected as recommended during alignSample,099_pv005_comp_pre_full_2x_3p08_HA_30ms_250mm_45keV_gap6p7mm_Cu0p45_5000prj,
100,033,pg,low,1cm cube,2,3.08,tip,Fixed scan parameters. No. projections selected as recommended during alignSample,100_pg033_comp_pre_top_2x_3p08_HA_30ms_250mm_45keV_gap6p7mm_Cu0p45_4400prj,
101,033,pg,low,1cm cube,2,3.08,whole sample,Fixed scan parameters. No. projections selected as recommended during alignSample,101_pg033_comp_pre_all_2x_3p08_HA_30ms_250mm_45keV_gap6p7mm_Cu0p45_4400prj,
102,008,pg,high,1cm cube,2,3.08,base,Fixed scan parameters. No. projections selected as recommended during alignSample,102_pg008_comp_post_bot_2x_3p08_HA_30ms_250mm_45keV_gap6p7mm_Cu0p45_5100prj,
103,008,pg,high,1cm cube,2,3.08,tip,Fixed scan parameters. No. projections selected as recommended during alignSample,103_pg008_comp_post_top_2x_3p08_HA_30ms_250mm_45keV_gap6p7mm_Cu0p45_5100prj,
104,005,pv,high,1cm cube,2,3.08,whole sample,Fixed scan parameters. No. projections selected as recommended during alignSample,104_pv005_comp_post_alltop_2x_3p08_HA_30ms_250mm_45keV_gap6p7mm_Cu0p45_4700prj,
105,033,pg,low,1cm cube,2,3.08,whole sample,Fixed scan parameters. No. projections selected as recommended during alignSample,105_pg033_comp_post_all_2x_3p08_HA_30ms_250mm_45keV_gap6p7mm_Cu0p45_4400prj,
106,017,pt,high,?,2,3.08,?,Fixed scan parameters. No. projections selected as recommended during alignSample,106_PT017_XL_fromTip_2x_3p08_HA_30ms_250mm_45keV_gap6p7mm_Cu0p45_5900prj,
106,017,pt,high,?,2,3.08,?,Fixed scan parameters. No. projections selected as recommended during alignSample,106_PT017_XL_fromTip_2x_3p08_HA_30ms_250mm_45keV_gap6p7mm_Cu0p45_5900prj_1,
106,017,pt,high,?,2,3.08,?,Fixed scan parameters. No. projections selected as recommended during alignSample,106_PT017_XL_fromTip_2x_3p08_HA_30ms_250mm_45keV_gap6p7mm_Cu0p45_5900prj_2,
106,017,pt,high,?,2,3.08,?,Fixed scan parameters. No. projections selected as recommended during alignSample,106_PT017_XL_fromTip_2x_3p08_HA_30ms_250mm_45keV_gap6p7mm_Cu0p45_5900prj_3,
110,013,pt,high,?,2,3.08,?,Fixed scan parameters. No. projections selected as recommended during alignSample,110_PT013_XL_fromTip_2x_3p08_HA_30ms_250mm_45keV_gap6p7mm_Cu0p45_5900prj,
110,013,pt,high,?,2,3.08,?,Fixed scan parameters. No. projections selected as recommended during alignSample,110_PT013_XL_fromTip_2x_3p08_HA_30ms_250mm_45keV_gap6p7mm_Cu0p45_5900prj_1,
110,013,pt,high,?,2,3.08,?,Fixed scan parameters. No. projections selected as recommended during alignSample,110_PT013_XL_fromTip_2x_3p08_HA_30ms_250mm_45keV_gap6p7mm_Cu0p45_5900prj_2,
110,013,pt,high,?,2,3.08,?,Fixed scan parameters. No. projections selected as recommended during alignSample,110_PT013_XL_fromTip_2x_3p08_HA_30ms_250mm_45keV_gap6p7mm_Cu0p45_5900prj_3,
110,013,pt,high,?,2,3.08,?,Fixed scan parameters. No. projections selected as recommended during alignSample,110_PT013_XL_fromTip_2x_3p08_HA_30ms_250mm_45keV_gap6p7mm_Cu0p45_5900prj_4,
115,025,pm,low,tip nubbin,2,3.08,whole sample,Fixed scan parameters. No. projections selected as recommended during alignSample,115_pm025_screw_2x_3p08_HA_30ms_250mm_45keV_gap6p7mm_Cu0p45_3800prj,
116,016,pm,high,tip nubbin,2,3.08,whole sample,Fixed scan parameters. No. projections selected as recommended during alignSample,116_pm016_screw_2x_3p08_30ms_250mm_45keV_gap6p7mm_Cu0p45_2000prj,
117,040,pt,low,tip nubbin,2,3.08,whole sample,Fixed scan parameters. No. projections selected as recommended during alignSample,117_pt040_screw_2x_3p08_30ms_250mm_45keV_gap6p7mm_Cu0p45_HA_4500prj,
119,044,pt,low,tip nubbin,10,0.650,tip,Scan parameter testing,119_pt044_tip_10x_0p65_450ms_100mm_45keV_gap5p5mm_Cu0p45_1600prj,
120,044,pt,low,tip nubbin,10,0.650,tip,Scan parameter testing. Error in filename - should be 120mm sample-detector distance,120_pt044_tip_10x_0p65_450ms_100mm_45keV_gap5p5mm_Cu0p45_1600prj,
121,044,pt,low,tip nubbin,10,0.650,tip,Scan parameter testing,121_pt044_tip_10x_0p65_450ms_150mm_45keV_gap5p5mm_Cu0p45_1600prj,
122,044,pt,low,tip nubbin,10,0.650,tip,Scan parameter testing,122_pt044_tip_10x_HA_0p65_450ms_100mm_45keV_gap5p5mm_Cu0p45_5900prj,
123,044,pt,low,tip nubbin,10,0.650,1 mm sub tip,Scan parameter testing,123_pt044_1mmsubtip_10x_HA_0p65_450ms_100mm_45keV_gap5p5mm_Cu0p45_4720prj,
124,005,pv,high,tip nubbin,10,0.650,1 mm sub tip,Scan parameter testing,124_pv005_1mmsubtip_10x_HA_0p65_450ms_100mm_45keV_gap5p5mm_Cu0p45_4720prj,
125,039,pv,low,tip nubbin,10,0.650,tip,Scan parameter testing,125_pv039_tip_10x_HA_0p65_50ms_100mm_45keV_gap5p5mm_Cu0p45_4720prj,
126,039,pv,low,tip nubbin,10,0.650,1.2 mm sub tip,Scan parameter testing,126_pv039_1p2subtip_10x_HA_0p65_50ms_100mm_45keV_gap5p5mm_Cu0p45_4720prj,
127,039,pv,low,tip nubbin,10,0.650,1.2 mm sub tip,Scan parameter testing,127_pv039_1p2subtip_10x_HA_0p65_450ms_100mm_45keV_gap5p5mm_Cu0p45_4000prj,
128,039,pv,low,tip nubbin,10,0.650,1.2 mm sub tip,Scan parameter testing,128_pv039_1p2subtip_10x_HA_0p65_100ms_100mm_45keV_gap5p5mm_Cu0p45_4000prj,
129,039,pv,low,tip nubbin,10,0.650,tip,Scan parameter testing,129_pv039_tip_10x_HA_0p65_75ms_100mm_45keV_gap5p5mm_Cu0p45_4000prj,
130,039,pv,low,tip nubbin,10,0.650,1.2 mm sub tip,Scan parameter testing,130_pv039_1p2subtip_10x_HA_0p65_75ms_100mm_45keV_gap5p5mm_Cu0p45_4000prj,
131,039,pv,low,tip nubbin,10,0.650,tip,Scan parameter testing,131_pv039_tip_10x_HA_0p65_100ms_100mm_45keV_gap5p5mm_Cu0p45_5100prj,
132,039,pv,low,tip nubbin,10,0.650,tip,Scan parameter testing,132_pv039_tip_10x_HA_0p65_200ms_100mm_45keV_gap5p5mm_Cu0p45_4000prj,
133,039,pv,low,tip nubbin,10,0.650,1.2 mm sub tip,Scan parameter testing,133_pv039_1p2subtip_10x_HA_0p65_200ms_100mm_45keV_gap5p5mm_Cu0p45_5100prj,
134,039,pv,low,tip nubbin,10,0.650,1.2 mm sub tip,Scan parameter testing,134_pv039_1p2subtip_10x_HA_0p65_200ms_100mm_45keV_gap5p5mm_Cu0p45_360prj,
135,039,pv,low,tip nubbin,10,0.650,1.2 mm sub tip,Fixed scan parameters,135_pv039_1p2subtip_10x_HA_0p65_200ms_100mm_45keV_gap5p5mm_Cu0p45_4720prj,
136,029,pm,low,tip nubbin,10,0.650,tip,Fixed scan parameters,136_pm029_tip_10x_HA_0p65_200ms_100mm_45keV_gap5p5mm_Cu0p45_4720prj,
137,029,pm,low,tip nubbin,10,0.650,1.2 mm sub tip,Fixed scan parameters,137_pm029_1p2subtip_10x_HA_0p65_200ms_100mm_45keV_gap5p5mm_Cu0p45_4720prj,
138,034,pg,low,tip nubbin,10,0.650,tip,Fixed scan parameters,138_pg034_tip_10x_HA_0p65_200ms_100mm_45keV_gap5p5mm_Cu0p45_4720prj,
139,034,pg,low,tip nubbin,10,0.650,1.2 mm sub tip,Fixed scan parameters,139_pg034_1p2subtip_10x_HA_0p65_200ms_100mm_45keV_gap5p5mm_Cu0p45_4720prj,
140,017,pt,high,tip nubbin,10,0.650,tip,Fixed scan parameters,140_pt017_tip_10x_HA_0p65_200ms_100mm_45keV_gap5p5mm_Cu0p45_4720prj,
141,017,pt,high,tip nubbin,10,0.650,1.2 mm sub tip,Fixed scan parameters,141_pt017_1p2subtip_10x_HA_0p65_200ms_100mm_45keV_gap5p5mm_Cu0p45_4720prj,
142,011,pg,high,tip nubbin,10,0.650,tip,Fixed scan parameters,142_pg011_tip_10x_HA_0p65_200ms_100mm_45keV_gap5p5mm_Cu0p45_4720prj,
143,011,pg,high,tip nubbin,10,0.650,1.2 mm sub tip,Fixed scan parameters,143_pg011_1p2subtip_10x_HA_0p65_200ms_100mm_45keV_gap5p5mm_Cu0p45_4720prj,
143,011,pg,high,tip nubbin,10,0.650,2.4 mm sub tip,Fixed scan parameters,143_pg011_2p4subtip_10x_HA_0p65_200ms_100mm_45keV_gap5p5mm_Cu0p45_4720prj,
144,023,pm,high,tip nubbin,10,0.650,tip,Fixed scan parameters,144_pm023_tip_10x_HA_0p65_200ms_100mm_45keV_gap5p5mm_Cu0p45_4720prj,
145,023,pm,high,tip nubbin,10,0.650,1.2 mm sub tip,Fixed scan parameters,145_pm023_1p2subtip_10x_HA_0p65_200ms_100mm_45keV_gap5p5mm_Cu0p45_4720prj,
146,043,pt,low,tip nubbin,10,0.650,tip,Fixed scan parameters,146_pt043_tip_10x_HA_0p65_200ms_100mm_45keV_gap5p5mm_Cu0p45_4720prj,
147,043,pt,low,tip nubbin,10,0.650,1.2 mm sub tip,Fixed scan parameters,147_pt043_1p2subtip_10x_HA_0p65_200ms_100mm_45keV_gap5p5mm_Cu0p45_4720prj,
148,043,pt,low,tip nubbin,10,0.650,2.4 mm sub tip,Fixed scan parameters,148_pt043_2p4subtip_10x_HA_0p65_200ms_100mm_45keV_gap5p5mm_Cu0p45_4720prj,
149,038,pv,low,tip nubbin,10,0.650,tip,Fixed scan parameters,149_pv038_tip_10x_HA_0p65_200ms_100mm_45keV_gap5p5mm_Cu0p45_4720prj,
150,038,pv,low,tip nubbin,10,0.650,1.2 mm sub tip,Fixed scan parameters,150_pv038_1p2subtip_10x_HA_0p65_200ms_100mm_45keV_gap5p5mm_Cu0p45_4720prj,
151,033,pg,low,tip nubbin,10,0.650,tip,Fixed scan parameters,151_pg033_tip_10x_HA_0p65_200ms_100mm_45keV_gap5p5mm_Cu0p45_4720prj,
152,033,pg,low,tip nubbin,10,0.650,1.2 mm sub tip,Fixed scan parameters,152_pg033_1p2subtip_10x_HA_0p65_200ms_100mm_45keV_gap5p5mm_Cu0p45_4720prj,
153,028,pm,low,tip nubbin,10,0.650,tip,Fixed scan parameters,153_pm028_tip_10x_HA_0p65_200ms_100mm_45keV_gap5p5mm_Cu0p45_4720prj,
154,028,pm,low,tip nubbin,10,0.650,1.2 mm sub tip,Fixed scan parameters,154_pm028_1p2subtip_10x_HA_0p65_200ms_100mm_45keV_gap5p5mm_Cu0p45_4720prj,
155,004,pv,high,tip nubbin,10,0.650,tip,Fixed scan parameters,155_pv004_tip_10x_HA_0p65_200ms_100mm_45keV_gap5p5mm_Cu0p45_4720prj,
156,004,pv,high,tip nubbin,10,0.650,1.2 mm sub tip,Fixed scan parameters,156_pv004_1p2subtip_10x_HA_0p65_200ms_100mm_45keV_gap5p5mm_Cu0p45_4720prj,
157,016,pt,high,tip nubbin,10,0.650,tip,Fixed scan parameters,157_pt016_tip_10x_HA_0p65_200ms_100mm_45keV_gap5p5mm_Cu0p45_4720prj,
158,016,pt,high,tip nubbin,10,0.650,1.2 mm sub tip,Fixed scan parameters,158_pt016_1p2subtip_10x_HA_0p65_200ms_100mm_45keV_gap5p5mm_Cu0p45_4720prj,
159,022,pm,high,tip nubbin,10,0.650,tip,Fixed scan parameters,159_pm022_tip_10x_HA_0p65_200ms_100mm_45keV_gap5p5mm_Cu0p45_4720prj,
160,022,pm,high,tip nubbin,10,0.650,1.2 mm sub tip,Fixed scan parameters,160_pm022_1p2subtip_10x_HA_0p65_200ms_100mm_45keV_gap5p5mm_Cu0p45_4720prj,
161,022,pm,high,tip nubbin,10,0.650,,Fixed scan parameters,161_pm022_2p4subtip_10x_HA_0p65_200ms_100mm_45keV_gap5p5mm_Cu0p45_4720prj,
162,010,pg,high,tip nubbin,10,0.650,tip,Fixed scan parameters,162_pg010_tip_10x_HA_0p65_200ms_100mm_45keV_gap5p5mm_Cu0p45_4720prj,
163,010,pg,high,tip nubbin,10,0.650,1.2 mm sub tip,Fixed scan parameters,163_pg010_1p2subtip_10x_HA_0p65_200ms_100mm_45keV_gap5p5mm_Cu0p45_4720prj,
164,010,pg,high,tip nubbin,10,0.650,,Fixed scan parameters,164_pg010_2p4subtip_10x_HA_0p65_200ms_100mm_45keV_gap5p5mm_Cu0p45_4720prj,
165,042,pt,low,tip nubbin,10,0.650,tip,Fixed scan parameters,165_pt042_tip_10x_HA_0p65_200ms_100mm_45keV_gap5p5mm_Cu0p45_4720prj,
166,042,pt,low,tip nubbin,10,0.650,1.2 mm sub tip,Fixed scan parameters,166_pt042_1p2subtip_10x_HA_0p65_200ms_100mm_45keV_gap5p5mm_Cu0p45_4720prj,
167,037,pv,low,tip nubbin,10,0.650,tip,Fixed scan parameters,167_pv037_tip_10x_HA_0p65_200ms_100mm_45keV_gap5p5mm_Cu0p45_4720prj,
168,037,pv,low,tip nubbin,10,0.650,1.2 mm sub tip,Fixed scan parameters,168_pv037_1p2subtip_10x_HA_0p65_200ms_100mm_45keV_gap5p5mm_Cu0p45_4720prj,
169,032,pg,low,tip nubbin,10,0.650,tip,Fixed scan parameters,169_pg032_tip_10x_HA_0p65_200ms_100mm_45keV_gap5p5mm_Cu0p45_4720prj,
170,032,pg,low,tip nubbin,10,0.650,1.2 mm sub tip,Fixed scan parameters,170_pg032_1p2subtip_10x_HA_0p65_200ms_100mm_45keV_gap5p5mm_Cu0p45_4720prj,
171,021,pm,high,tip nubbin,10,0.650,tip,Fixed scan parameters,171_pm021_tip_10x_HA_0p65_200ms_100mm_45keV_gap5p5mm_Cu0p45_4720prj,
172,021,pm,high,tip nubbin,10,0.650,1.2 mm sub tip,Fixed scan parameters,172_pm021_1p2subtip_10x_HA_0p65_200ms_100mm_45keV_gap5p5mm_Cu0p45_4720prj,
176,027,pm,low,tip nubbin,10,0.650,tip,Fixed scan parameters,176_pm027_tip_10x_HA_0p65_200ms_100mm_45keV_gap5p5mm_Cu0p45_4720prj_1,
177,027,pm,low,tip nubbin,10,0.650,1.2 mm sub tip,Fixed scan parameters,177_pm027_1p2subtip_10x_HA_0p65_200ms_100mm_45keV_gap5p5mm_Cu0p45_4720prj_1,
178,009,pg,high,tip nubbin,10,0.650,tip,Fixed scan parameters,178_pg009_tip_10x_HA_0p65_200ms_100mm_45keV_gap5p5mm_Cu0p45_4720prj,
179,009,pg,high,tip nubbin,10,0.650,1.2 mm sub tip,Fixed scan parameters,179_pg009_1p2subtip_10x_HA_0p65_200ms_100mm_45keV_gap5p5mm_Cu0p45_4720prj,
180,008,pg,high,tip nubbin,10,0.650,tip,Fixed scan parameters,180_pg008_tip_10x_HA_0p65_200ms_100mm_45keV_gap5p5mm_Cu0p45_4720prj,
181,008,pg,high,tip nubbin,10,0.650,1.2 mm sub tip,Fixed scan parameters,181_pg008_1p2subtip_10x_HA_0p65_200ms_100mm_45keV_gap5p5mm_Cu0p45_4720prj,
182,002,pv,high,tip nubbin,10,0.650,tip,Fixed scan parameters,182_pv002_tip_10x_HA_0p65_200ms_100mm_45keV_gap5p5mm_Cu0p45_4720prj,
183,002,pv,high,tip nubbin,10,0.650,1.2 mm sub tip,Fixed scan parameters,183_pv002_1p2subtip_10x_HA_0p65_200ms_100mm_45keV_gap5p5mm_Cu0p45_4720prj,
184,041,pt,low,tip nubbin,10,0.650,tip,Fixed scan parameters,184_pt041_tip_10x_HA_0p65_200ms_100mm_45keV_gap5p5mm_Cu0p45_4720prj,
185,041,pt,low,tip nubbin,10,0.650,1.2 mm sub tip,Fixed scan parameters,185_pt041_1p2subtip_10x_HA_0p65_200ms_100mm_45keV_gap5p5mm_Cu0p45_4720prj,
186,003,pv,high,tip nubbin,10,0.650,tip,Fixed scan parameters,186_pv003_tip_10x_HA_0p65_200ms_100mm_45keV_gap5p5mm_Cu0p45_4720prj,
187,003,pv,high,tip nubbin,10,0.650,1.2 mm sub tip,Fixed scan parameters,187_pv003_1p2subtip_10x_HA_0p65_200ms_100mm_45keV_gap5p5mm_Cu0p45_4720prj,
188,036,pv,low,tip nubbin,10,0.650,tip,Fixed scan parameters,188_pv036_tip_10x_HA_0p65_200ms_100mm_45keV_gap5p5mm_Cu0p45_4720prj,
189,036,pv,low,tip nubbin,10,0.650,1.2 mm sub tip,Fixed scan parameters,189_pv036_1p2subtip_10x_HA_0p65_200ms_100mm_45keV_gap5p5mm_Cu0p45_4720prj,
190,026,pm,low,tip nubbin,10,0.650,tip,Fixed scan parameters,190_pm026_tip_10x_HA_0p65_200ms_100mm_45keV_gap5p5mm_Cu0p45_4720prj,
191,026,pm,low,tip nubbin,10,0.650,1.2 mm sub tip,Fixed scan parameters,191_pm026_1p2subtip_10x_HA_0p65_200ms_100mm_45keV_gap5p5mm_Cu0p45_4720prj,
192,031,pg,low,tip nubbin,10,0.650,tip,Fixed scan parameters,192_pg031_tip_10x_HA_0p65_200ms_100mm_45keV_gap5p5mm_Cu0p45_4720prj,
193,031,pg,low,tip nubbin,10,0.650,1.2 mm sub tip,Fixed scan parameters,193_pg031_1p2subtip_10x_HA_0p65_200ms_100mm_45keV_gap5p5mm_Cu0p45_4720prj,
194,014,pt,high,tip nubbin,10,0.650,tip,Fixed scan parameters,194_pt014_tip_10x_HA_0p65_200ms_100mm_45keV_gap5p5mm_Cu0p45_4720prj,
195,014,pt,high,tip nubbin,10,0.650,1.2 mm sub tip,Fixed scan parameters,195_pt014_1p2subtip_10x_HA_0p65_200ms_100mm_45keV_gap5p5mm_Cu0p45_4720prj,
199,028,pm,low,1cm cube,10,0.650,tip,Fixed scan parameters,199_pm028_postcrack_tip_10x_HA_0p65_200ms_100mm_45keV_gap5p5mm_Cu0p45_4720prj,
200,028,pm,low,1cm cube,10,0.650,1.2 mm sub tip,Fixed scan parameters,200_pm028_postcrack_1p2subtip_10x_HA_0p65_200ms_100mm_45keV_gap5p5mm_Cu0p45_4720prj,
201,028,pm,low,1cm cube,10,0.650,2.4 mm sub tip,Fixed scan parameters,201_pm028_postcrack_2p4subtip_10x_HA_0p65_200ms_100mm_45keV_gap5p5mm_Cu0p45_4720prj,
203,022,pm,high,1cm cube,10,0.650,tip,Fixed scan parameters,203_pm022_postcrack_tip_10x_HA_0p65_200ms_100mm_45keV_gap5p5mm_Cu0p45_4720prj,
204,022,pm,high,1cm cube,10,0.650,1.2 mm sub tip,Fixed scan parameters,204_pm022_postcrack_1p2subtip_10x_HA_0p65_200ms_100mm_45keV_gap5p5mm_Cu0p45_4720prj,
205,022,pm,high,1cm cube,10,0.650,2.4 mm sub tip,Fixed scan parameters,205_pm022_postcrack_2p4subtip_10x_HA_0p65_200ms_100mm_45keV_gap5p5mm_Cu0p45_4720prj,
207,016,pt,high,1cm cube,10,0.650,tip,Fixed scan parameters,207_pt016_postcrack_tip_10x_HA_0p65_200ms_100mm_45keV_gap5p5mm_Cu0p45_4720prj,
208,022,pm,high,1cm cube,10,0.650,tip,Fixed scan parameters,208_pm022_postcrack_tip_10x_HA_0p65_200ms_100mm_45keV_gap5p5mm_Cu0p45_4720prj,
209,022,pm,high,1cm cube,10,0.650,1.2 mm sub tip,Fixed scan parameters,209_pm022_postcrack_1p2subtip_10x_HA_0p65_200ms_100mm_45keV_gap5p5mm_Cu0p45_4720prj,
210,022,pm,high,1cm cube,10,0.650,2.4 mm sub tip,Fixed scan parameters,210_pm022_postcrack_2p4subtip_10x_HA_0p65_200ms_100mm_45keV_gap5p5mm_Cu0p45_4720prj,
211,016,pt,high,1cm cube,10,0.650,1.2 mm sub tip,Fixed scan parameters,211_pt016_postcrack_1p2subtip_10x_HA_0p65_200ms_100mm_45keV_gap5p5mm_Cu0p45_4720prj,
212,016,pt,high,1cm cube,10,0.650,2.4 mm sub tip,Fixed scan parameters,212_pt016_postcrack_2p4subtip_10x_HA_0p65_200ms_100mm_45keV_gap5p5mm_Cu0p45_4720prj,
213,008,pg,high,1cm cube,10,0.650,tip,Fixed scan parameters,213_pg008_postcrack_tip_10x_HA_0p65_200ms_100mm_45keV_gap5p5mm_Cu0p45_4720prj,
214,008,pg,high,1cm cube,10,0.650,1.2 mm sub tip,Fixed scan parameters,214_pg008_postcrack_1p2subtip_10x_HA_0p65_200ms_100mm_45keV_gap5p5mm_Cu0p45_4720prj,
215,008,pg,high,1cm cube,10,0.650,2.4 mm sub tip,Fixed scan parameters,215_pg008_postcrack_2p4subtip_10x_HA_0p65_200ms_100mm_45keV_gap5p5mm_Cu0p45_4720prj,
216,033,pg,low,1cm cube,10,0.650,tip,Fixed scan parameters,216_pg033_postcrack_tip_10x_HA_0p65_200ms_100mm_45keV_gap5p5mm_Cu0p45_4720prj,
217,033,pg,low,1cm cube,10,0.650,1.2 mm sub tip,Fixed scan parameters,217_pg033_postcrack_1p2subtip_10x_HA_0p65_200ms_100mm_45keV_gap5p5mm_Cu0p45_4720prj,
218,033,pg,low,1cm cube,10,0.650,2.4 mm sub tip,Fixed scan parameters,218_pg033_postcrack_2p4subtip_10x_HA_0p65_200ms_100mm_45keV_gap5p5mm_Cu0p45_4720prj,
219,041,pt,low,1cm cube,10,0.650,tip,Fixed scan parameters,219_pt041_postcrack_tip_10x_HA_0p65_200ms_100mm_45keV_gap5p5mm_Cu0p45_4720prj,
220,041,pt,low,1cm cube,10,0.650,1.2 mm sub tip,Fixed scan parameters,220_pt041_postcrack_1p2subtip_10x_HA_0p65_200ms_100mm_45keV_gap5p5mm_Cu0p45_4720prj,
221,041,pt,low,1cm cube,10,0.650,2.4 mm sub tip,Fixed scan parameters,221_pt041_postcrack_2p4subtip_10x_HA_0p65_200ms_100mm_45keV_gap5p5mm_Cu0p45_4720prj,
222,005,pv,high,1cm cube,10,0.650,tip,Fixed scan parameters,222_pv005_postcrack_tip_10x_HA_0p65_200ms_100mm_45keV_gap5p5mm_Cu0p45_4720prj,
223,005,pv,high,1cm cube,10,0.650,1.2 mm sub tip,Fixed scan parameters,223_pv005_postcrack_1p2subtip_10x_HA_0p65_200ms_100mm_45keV_gap5p5mm_Cu0p45_4720prj,
224,005,pv,high,1cm cube,10,0.650,2.4 mm sub tip,Fixed scan parameters,224_pv005_postcrack_2p4subtip_10x_HA_0p65_200ms_100mm_45keV_gap5p5mm_Cu0p45_4720prj,
225,022,pm,high,1cm cube,10,0.650,tip,Fixed scan parameters,225_pm022_postcrack_tip_10x_HA_0p65_200ms_100mm_45keV_gap5p5mm_Cu0p45_4720prj,
226,022,pm,high,1cm cube,10,0.650,1.2 mm sub tip,Fixed scan parameters,226_pm022_postcrack_1p2subtip_10x_HA_0p65_200ms_100mm_45keV_gap5p5mm_Cu0p45_4720prj,
227,022,pm,high,1cm cube,10,0.650,2.4 mm sub tip,Fixed scan parameters,227_pm022_postcrack_2p4subtip_10x_HA_0p65_200ms_100mm_45keV_gap5p5mm_Cu0p45_4720prj,
229,038,pv,low,1cm cube,10,0.650,tip,Fixed scan parameters,229_pv038_postcrack_tip_10x_HA_0p65_200ms_100mm_45keV_gap5p5mm_Cu0p45_4720prj,
230,038,pv,low,1cm cube,10,0.650,1.2 mm sub tip,Fixed scan parameters,230_pv038_postcrack_1p2subtip_10x_HA_0p65_200ms_100mm_45keV_gap5p5mm_Cu0p45_4720prj,
231,038,pv,low,1cm cube,10,0.650,2.4 mm sub tip,Fixed scan parameters,231_pv038_postcrack_2p4subtip_10x_HA_0p65_200ms_100mm_45keV_gap5p5mm_Cu0p45_4720prj,
232,030,pg,low,tip nubbin,10,0.650,tip,Fixed scan parameters,232_pg030_tip_10x_HA_0p65_200ms_100mm_45keV_gap5p5mm_Cu0p45_4720prj,
233,030,pg,low,tip nubbin,10,0.650,1.2 mm sub tip,Fixed scan parameters,233_pg030_1p2subtip_10x_HA_0p65_200ms_100mm_45keV_gap5p5mm_Cu0p45_4720prj,
234,030,pg,low,tip nubbin,10,0.650,tip,Fixed scan parameters,234_pg030_tip_10x_HA_0p65_200ms_100mm_45keV_gap5p5mm_Cu0p45_4720prj,
235,030,pg,low,tip nubbin,10,0.650,1.2 mm sub tip,Fixed scan parameters,235_pg030_1p2subtip_10x_HA_0p65_200ms_100mm_45keV_gap5p5mm_Cu0p45_4720prj,
236,028,pm,low,1cm cube,10,0.650,tip,Fixed scan parameters,236_pm028_postcrack_tip_10x_HA_0p65_200ms_100mm_45keV_gap5p5mm_Cu0p45_4720prj,
237,028,pm,low,1cm cube,10,0.650,1.2 mm sub tip,Fixed scan parameters,237_pm028_postcrack_1p2subtip_10x_HA_0p65_200ms_100mm_45keV_gap5p5mm_Cu0p45_4720prj,
237,028,pm,low,1cm cube,10,0.650,2.4 mm sub tip,Fixed scan parameters,237_pm028_postcrack_2p4subtip_10x_HA_0p65_200ms_100mm_45keV_gap5p5mm_Cu0p45_4720prj,
238,022,pm,high,1cm cube,10,0.650,tip,Fixed scan parameters,238_pm022_postcrack_tip_10x_HA_0p65_200ms_100mm_45keV_gap5p5mm_Cu0p45_4720prj,
239,022,pm,high,1cm cube,10,0.650,1.2 mm sub tip,Fixed scan parameters,239_pm022_postcrack_1p2subtip_10x_HA_0p65_200ms_100mm_45keV_gap5p5mm_Cu0p45_4720prj,
240,022,pm,high,1cm cube,10,0.650,2.4 mm sub tip,Fixed scan parameters,240_pm022_postcrack_2p4subtip_10x_HA_0p65_200ms_100mm_45keV_gap5p5mm_Cu0p45_4720prj,
241,001,pv,high,tip nubbin,10,0.650,tip,Fixed scan parameters,241_pv001_tip_10x_HA_0p65_200ms_100mm_45keV_gap5p5mm_Cu0p45_4720prj,
242,001,pv,high,tip nubbin,10,0.650,1.2 mm sub tip,Fixed scan parameters,242_pv001_1p2subtip_10x_HA_0p65_200ms_100mm_45keV_gap5p5mm_Cu0p45_4720prj,
243,020,pm,high,tip nubbin,10,0.650,tip,Fixed scan parameters,243_pm020_tip_10x_HA_0p65_200ms_100mm_45keV_gap5p5mm_Cu0p45_4720prj_1,
244,020,pm,high,tip nubbin,10,0.650,1.2 mm sub tip,Fixed scan parameters,244_pm020_1p2subtip_10x_HA_0p65_200ms_100mm_45keV_gap5p5mm_Cu0p45_4720prj_1,
245,019,pm,high,tip nubbin,10,0.650,tip,Fixed scan parameters,245_pm019_tip_10x_HA_0p65_200ms_100mm_45keV_gap5p5mm_Cu0p45_4720prj,
246,019,pm,high,tip nubbin,10,0.650,1.2 mm sub tip,Fixed scan parameters,246_pm019_1p2subtip_10x_HA_0p65_200ms_100mm_45keV_gap5p5mm_Cu0p45_4720prj,
247,007,pg,high,tip nubbin,10,0.650,tip,Fixed scan parameters,247_pg007_tip_10x_HA_0p65_200ms_100mm_45keV_gap5p5mm_Cu0p45_4720prj,
248,007,pg,high,tip nubbin,10,0.650,1.2 mm sub tip,Fixed scan parameters,248_pg007_1p2subtip_10x_HA_0p65_200ms_100mm_45keV_gap5p5mm_Cu0p45_4720prj,
252,035,pv,low,tip nubbin,10,0.650,tip,Fixed scan parameters,252_pv035_tip_10x_HA_0p65_200ms_100mm_45keV_gap5p5mm_Cu0p45_4720prj,